-- MySQL dump 10.13  Distrib 8.0.43, for Win64 (x86_64)
--
-- Host: 127.0.0.1    Database: jspdb
-- ------------------------------------------------------
-- Server version	8.0.43

/*!40101 SET @OLD_CHARACTER_SET_CLIENT=@@CHARACTER_SET_CLIENT */;
/*!40101 SET @OLD_CHARACTER_SET_RESULTS=@@CHARACTER_SET_RESULTS */;
/*!40101 SET @OLD_COLLATION_CONNECTION=@@COLLATION_CONNECTION */;
/*!50503 SET NAMES utf8 */;
/*!40103 SET @OLD_TIME_ZONE=@@TIME_ZONE */;
/*!40103 SET TIME_ZONE='+00:00' */;
/*!40014 SET @OLD_UNIQUE_CHECKS=@@UNIQUE_CHECKS, UNIQUE_CHECKS=0 */;
/*!40014 SET @OLD_FOREIGN_KEY_CHECKS=@@FOREIGN_KEY_CHECKS, FOREIGN_KEY_CHECKS=0 */;
/*!40101 SET @OLD_SQL_MODE=@@SQL_MODE, SQL_MODE='NO_AUTO_VALUE_ON_ZERO' */;
/*!40111 SET @OLD_SQL_NOTES=@@SQL_NOTES, SQL_NOTES=0 */;

--
-- Table structure for table `board`
--

DROP TABLE IF EXISTS `board`;
/*!40101 SET @saved_cs_client     = @@character_set_client */;
/*!50503 SET character_set_client = utf8mb4 */;
CREATE TABLE `board` (
  `bnum` int NOT NULL AUTO_INCREMENT,
  `btitle` varchar(100) DEFAULT NULL,
  `bcontent` varchar(200) DEFAULT NULL,
  `memberid` varchar(45) DEFAULT NULL,
  `bhit` int DEFAULT NULL,
  `bdate` datetime DEFAULT CURRENT_TIMESTAMP,
  PRIMARY KEY (`bnum`)
) ENGINE=InnoDB AUTO_INCREMENT=477 DEFAULT CHARSET=utf8mb4 COLLATE=utf8mb4_0900_ai_ci;
/*!40101 SET character_set_client = @saved_cs_client */;

--
-- Dumping data for table `board`
--

LOCK TABLES `board` WRITE;
/*!40000 ALTER TABLE `board` DISABLE KEYS */;
INSERT INTO `board` VALUES (9,'강아지는 멍멍야옹','야옹','강아지',1,'2025-08-19 16:24:28'),(18,'고양이는 야옹','야옹','고양이',3,'2025-08-19 17:34:14'),(22,'야옹','야옹야옹','야옹이',3,'2025-08-20 14:48:55'),(23,'원숭이','바나나','cat',11,'2025-08-20 15:14:47'),(24,'cat이 쓴 글','야옹','cat',11,'2025-08-20 15:15:45'),(28,'호랑이는','어흥1','tiger',14,'2025-08-20 17:07:42'),(31,'안녕하세요 강아지입니다','멍멍','dog',11,'2025-08-20 17:19:48'),(37,'강아지','강아지','dog',0,'2025-08-21 12:28:50'),(38,'강아지','강아지','dog',0,'2025-08-21 12:28:54'),(39,'강아지','강아지','dog',0,'2025-08-21 12:28:56'),(40,'강아지','강아지','dog',0,'2025-08-21 12:28:59'),(41,'강아지','강아지','dog',0,'2025-08-21 12:29:01'),(42,'강아지','강아지','dog',0,'2025-08-21 12:29:04'),(43,'강아지','강아지','dog',0,'2025-08-21 12:29:07'),(44,'강아지','강아지','dog',0,'2025-08-21 12:29:09'),(45,'강아지','강아지','dog',0,'2025-08-21 12:29:12'),(46,'강아지','강아지','dog',0,'2025-08-21 12:29:15'),(47,'강아지','강아지','dog',0,'2025-08-21 12:29:17'),(48,'강아지','강아지','dog',0,'2025-08-21 12:29:19'),(49,'강아지','강아지','dog',0,'2025-08-21 12:29:22'),(50,'강아지','강아지','dog',0,'2025-08-21 12:29:26'),(51,'강아지','강아지','dog',0,'2025-08-21 12:29:49'),(52,'강아지','강아지','dog',0,'2025-08-21 12:30:08'),(53,'강아지','강아지','dog',0,'2025-08-21 12:30:10'),(54,'강아지','강아지','dog',0,'2025-08-21 12:30:12'),(55,'강아지','강아지','dog',0,'2025-08-21 12:30:15'),(56,'강아지','강아지','dog',0,'2025-08-21 12:30:17'),(57,'강아지','강아지','dog',0,'2025-08-21 12:30:20'),(58,'강아지','강아지','dog',0,'2025-08-21 12:30:22'),(59,'boardlist?page=1','boardlist?page=1','dog',0,'2025-08-21 12:30:50'),(60,'안녕하세요.테스트 글 제목입니다.','테스트 글 내용입니다.','tiger',0,'2025-08-21 16:38:27'),(61,'안녕하세요.테스트 글 제목입니다.','테스트 글 내용입니다.','tiger',0,'2025-08-21 16:38:27'),(62,'안녕하세요.테스트 글 제목입니다.','테스트 글 내용입니다.','tiger',0,'2025-08-21 16:38:27'),(63,'안녕하세요.테스트 글 제목입니다.','테스트 글 내용입니다.','tiger',0,'2025-08-21 16:38:27'),(64,'안녕하세요.테스트 글 제목입니다.','테스트 글 내용입니다.','tiger',0,'2025-08-21 16:38:27'),(65,'안녕하세요.테스트 글 제목입니다.','테스트 글 내용입니다.','tiger',0,'2025-08-21 16:38:27'),(66,'안녕하세요.테스트 글 제목입니다.','테스트 글 내용입니다.','tiger',0,'2025-08-21 16:38:27'),(67,'안녕하세요.테스트 글 제목입니다.','테스트 글 내용입니다.','tiger',0,'2025-08-21 16:38:27'),(68,'안녕하세요.테스트 글 제목입니다.','테스트 글 내용입니다.','tiger',0,'2025-08-21 16:38:27'),(69,'안녕하세요.테스트 글 제목입니다.','테스트 글 내용입니다.','tiger',0,'2025-08-21 16:38:27'),(70,'안녕하세요.테스트 글 제목입니다.','테스트 글 내용입니다.','tiger',0,'2025-08-21 16:38:27'),(71,'안녕하세요.테스트 글 제목입니다.','테스트 글 내용입니다.','tiger',0,'2025-08-21 16:38:27'),(72,'안녕하세요.테스트 글 제목입니다.','테스트 글 내용입니다.','tiger',0,'2025-08-21 16:38:27'),(73,'안녕하세요.테스트 글 제목입니다.','테스트 글 내용입니다.','tiger',0,'2025-08-21 16:38:27'),(74,'안녕하세요.테스트 글 제목입니다.','테스트 글 내용입니다.','tiger',0,'2025-08-21 16:38:27'),(75,'안녕하세요.테스트 글 제목입니다.','테스트 글 내용입니다.','tiger',0,'2025-08-21 16:38:27'),(76,'안녕하세요.테스트 글 제목입니다.','테스트 글 내용입니다.','tiger',0,'2025-08-21 16:38:27'),(77,'안녕하세요.테스트 글 제목입니다.','테스트 글 내용입니다.','tiger',0,'2025-08-21 16:38:27'),(78,'안녕하세요.테스트 글 제목입니다.','테스트 글 내용입니다.','tiger',0,'2025-08-21 16:38:27'),(79,'안녕하세요.테스트 글 제목입니다.','테스트 글 내용입니다.','tiger',0,'2025-08-21 16:38:27'),(80,'안녕하세요.테스트 글 제목입니다.','테스트 글 내용입니다.','tiger',0,'2025-08-21 16:38:27'),(81,'안녕하세요.테스트 글 제목입니다.','테스트 글 내용입니다.','tiger',0,'2025-08-21 16:38:27'),(82,'안녕하세요.테스트 글 제목입니다.','테스트 글 내용입니다.','tiger',0,'2025-08-21 16:38:27'),(83,'안녕하세요.테스트 글 제목입니다.','테스트 글 내용입니다.','tiger',0,'2025-08-21 16:38:27'),(84,'안녕하세요.테스트 글 제목입니다.','테스트 글 내용입니다.','tiger',0,'2025-08-21 16:38:27'),(85,'안녕하세요.테스트 글 제목입니다.','테스트 글 내용입니다.','tiger',0,'2025-08-21 16:38:27'),(86,'안녕하세요.테스트 글 제목입니다.','테스트 글 내용입니다.','tiger',0,'2025-08-21 16:38:27'),(87,'안녕하세요.테스트 글 제목입니다.','테스트 글 내용입니다.','tiger',0,'2025-08-21 16:38:27'),(88,'안녕하세요.테스트 글 제목입니다.','테스트 글 내용입니다.','tiger',0,'2025-08-21 16:38:27'),(89,'안녕하세요.테스트 글 제목입니다.','테스트 글 내용입니다.','tiger',0,'2025-08-21 16:38:27'),(90,'안녕하세요.테스트 글 제목입니다.','테스트 글 내용입니다.','tiger',0,'2025-08-21 16:38:27'),(91,'안녕하세요.테스트 글 제목입니다.','테스트 글 내용입니다.','tiger',0,'2025-08-21 16:38:27'),(92,'안녕하세요.테스트 글 제목입니다.','테스트 글 내용입니다.','tiger',0,'2025-08-21 16:38:27'),(93,'안녕하세요.테스트 글 제목입니다.','테스트 글 내용입니다.','tiger',0,'2025-08-21 16:38:27'),(94,'안녕하세요.테스트 글 제목입니다.','테스트 글 내용입니다.','tiger',0,'2025-08-21 16:38:27'),(95,'안녕하세요.테스트 글 제목입니다.','테스트 글 내용입니다.','tiger',0,'2025-08-21 16:38:27'),(96,'안녕하세요.테스트 글 제목입니다.','테스트 글 내용입니다.','tiger',0,'2025-08-21 16:38:27'),(97,'안녕하세요.테스트 글 제목입니다.','테스트 글 내용입니다.','tiger',0,'2025-08-21 16:38:27'),(98,'안녕하세요.테스트 글 제목입니다.','테스트 글 내용입니다.','tiger',0,'2025-08-21 16:38:27'),(99,'안녕하세요.테스트 글 제목입니다.','테스트 글 내용입니다.','tiger',0,'2025-08-21 16:38:27'),(100,'안녕하세요.테스트 글 제목입니다.','테스트 글 내용입니다.','tiger',0,'2025-08-21 16:38:27'),(101,'안녕하세요.테스트 글 제목입니다.','테스트 글 내용입니다.','tiger',0,'2025-08-21 16:38:27'),(102,'안녕하세요.테스트 글 제목입니다.','테스트 글 내용입니다.','tiger',0,'2025-08-21 16:38:27'),(103,'안녕하세요.테스트 글 제목입니다.','테스트 글 내용입니다.','tiger',0,'2025-08-21 16:38:27'),(104,'안녕하세요.테스트 글 제목입니다.','테스트 글 내용입니다.','tiger',0,'2025-08-21 16:38:27'),(105,'안녕하세요.테스트 글 제목입니다.','테스트 글 내용입니다.','tiger',0,'2025-08-21 16:38:27'),(106,'안녕하세요.테스트 글 제목입니다.','테스트 글 내용입니다.','tiger',0,'2025-08-21 16:38:27'),(107,'안녕하세요.테스트 글 제목입니다.','테스트 글 내용입니다.','tiger',0,'2025-08-21 16:38:27'),(108,'안녕하세요.테스트 글 제목입니다.','테스트 글 내용입니다.','tiger',0,'2025-08-21 16:38:27'),(109,'안녕하세요.테스트 글 제목입니다.','테스트 글 내용입니다.','tiger',0,'2025-08-21 16:38:27'),(110,'안녕하세요.테스트 글 제목입니다.','테스트 글 내용입니다.','tiger',0,'2025-08-21 16:38:27'),(111,'안녕하세요.테스트 글 제목입니다.','테스트 글 내용입니다.','tiger',0,'2025-08-21 16:38:27'),(112,'안녕하세요.테스트 글 제목입니다.','테스트 글 내용입니다.','tiger',0,'2025-08-21 16:38:27'),(113,'안녕하세요.테스트 글 제목입니다.','테스트 글 내용입니다.','tiger',0,'2025-08-21 16:38:27'),(114,'안녕하세요.테스트 글 제목입니다.','테스트 글 내용입니다.','tiger',0,'2025-08-21 16:38:27'),(115,'안녕하세요.테스트 글 제목입니다.','테스트 글 내용입니다.','tiger',0,'2025-08-21 16:38:27'),(116,'안녕하세요.테스트 글 제목입니다.','테스트 글 내용입니다.','tiger',0,'2025-08-21 16:38:27'),(117,'안녕하세요.테스트 글 제목입니다.','테스트 글 내용입니다.','tiger',0,'2025-08-21 16:38:27'),(118,'안녕하세요.테스트 글 제목입니다.','테스트 글 내용입니다.','tiger',0,'2025-08-21 16:38:27'),(119,'안녕하세요.테스트 글 제목입니다.','테스트 글 내용입니다.','tiger',0,'2025-08-21 16:38:27'),(120,'안녕하세요.테스트 글 제목입니다.','테스트 글 내용입니다.','tiger',0,'2025-08-21 16:38:27'),(121,'안녕하세요.테스트 글 제목입니다.','테스트 글 내용입니다.','tiger',0,'2025-08-21 16:38:28'),(122,'안녕하세요.테스트 글 제목입니다.','테스트 글 내용입니다.','tiger',0,'2025-08-21 16:38:28'),(123,'안녕하세요.테스트 글 제목입니다.','테스트 글 내용입니다.','tiger',0,'2025-08-21 16:38:28'),(124,'안녕하세요.테스트 글 제목입니다.','테스트 글 내용입니다.','tiger',0,'2025-08-21 16:38:28'),(125,'안녕하세요.테스트 글 제목입니다.','테스트 글 내용입니다.','tiger',0,'2025-08-21 16:38:28'),(126,'안녕하세요.테스트 글 제목입니다.','테스트 글 내용입니다.','tiger',0,'2025-08-21 16:38:28'),(127,'안녕하세요.테스트 글 제목입니다.','테스트 글 내용입니다.','tiger',0,'2025-08-21 16:38:28'),(128,'안녕하세요.테스트 글 제목입니다.','테스트 글 내용입니다.','tiger',0,'2025-08-21 16:38:28'),(129,'안녕하세요.테스트 글 제목입니다.','테스트 글 내용입니다.','tiger',0,'2025-08-21 16:38:28'),(130,'안녕하세요.테스트 글 제목입니다.','테스트 글 내용입니다.','tiger',0,'2025-08-21 16:38:28'),(131,'안녕하세요.테스트 글 제목입니다.','테스트 글 내용입니다.','tiger',0,'2025-08-21 16:38:28'),(132,'안녕하세요.테스트 글 제목입니다.','테스트 글 내용입니다.','tiger',0,'2025-08-21 16:38:28'),(133,'안녕하세요.테스트 글 제목입니다.','테스트 글 내용입니다.','tiger',0,'2025-08-21 16:38:28'),(134,'안녕하세요.테스트 글 제목입니다.','테스트 글 내용입니다.','tiger',0,'2025-08-21 16:38:28'),(135,'안녕하세요.테스트 글 제목입니다.','테스트 글 내용입니다.','tiger',0,'2025-08-21 16:38:28'),(136,'안녕하세요.테스트 글 제목입니다.','테스트 글 내용입니다.','tiger',0,'2025-08-21 16:38:28'),(137,'안녕하세요.테스트 글 제목입니다.','테스트 글 내용입니다.','tiger',0,'2025-08-21 16:38:28'),(138,'안녕하세요.테스트 글 제목입니다.','테스트 글 내용입니다.','tiger',0,'2025-08-21 16:38:28'),(139,'안녕하세요.테스트 글 제목입니다.','테스트 글 내용입니다.','tiger',0,'2025-08-21 16:38:28'),(140,'안녕하세요.테스트 글 제목입니다.','테스트 글 내용입니다.','tiger',0,'2025-08-21 16:38:28'),(141,'안녕하세요.테스트 글 제목입니다.','테스트 글 내용입니다.','tiger',0,'2025-08-21 16:38:28'),(142,'안녕하세요.테스트 글 제목입니다.','테스트 글 내용입니다.','tiger',0,'2025-08-21 16:38:28'),(143,'안녕하세요.테스트 글 제목입니다.','테스트 글 내용입니다.','tiger',0,'2025-08-21 16:38:28'),(144,'안녕하세요.테스트 글 제목입니다.','테스트 글 내용입니다.','tiger',0,'2025-08-21 16:38:28'),(145,'안녕하세요.테스트 글 제목입니다.','테스트 글 내용입니다.','tiger',0,'2025-08-21 16:38:28'),(146,'안녕하세요.테스트 글 제목입니다.','테스트 글 내용입니다.','tiger',0,'2025-08-21 16:38:28'),(147,'안녕하세요.테스트 글 제목입니다.','테스트 글 내용입니다.','tiger',0,'2025-08-21 16:38:28'),(148,'안녕하세요.테스트 글 제목입니다.','테스트 글 내용입니다.','tiger',0,'2025-08-21 16:38:28'),(149,'안녕하세요.테스트 글 제목입니다.','테스트 글 내용입니다.','tiger',0,'2025-08-21 16:38:28'),(150,'안녕하세요.테스트 글 제목입니다.','테스트 글 내용입니다.','tiger',0,'2025-08-21 16:38:28'),(151,'안녕하세요.테스트 글 제목입니다.','테스트 글 내용입니다.','tiger',0,'2025-08-21 16:38:28'),(152,'안녕하세요.테스트 글 제목입니다.','테스트 글 내용입니다.','tiger',0,'2025-08-21 16:38:28'),(153,'안녕하세요.테스트 글 제목입니다.','테스트 글 내용입니다.','tiger',0,'2025-08-21 16:38:28'),(154,'안녕하세요.테스트 글 제목입니다.','테스트 글 내용입니다.','tiger',0,'2025-08-21 16:38:28'),(155,'안녕하세요.테스트 글 제목입니다.','테스트 글 내용입니다.','tiger',0,'2025-08-21 16:38:28'),(156,'안녕하세요.테스트 글 제목입니다.','테스트 글 내용입니다.','tiger',0,'2025-08-21 16:38:28'),(157,'안녕하세요.테스트 글 제목입니다.','테스트 글 내용입니다.','tiger',0,'2025-08-21 16:38:28'),(158,'안녕하세요.테스트 글 제목입니다.','테스트 글 내용입니다.','tiger',0,'2025-08-21 16:38:28'),(159,'안녕하세요.테스트 글 제목입니다.','테스트 글 내용입니다.','tiger',0,'2025-08-21 16:38:28'),(160,'안녕하세요.테스트 글 제목입니다.','테스트 글 내용입니다.','tiger',1,'2025-08-21 16:38:28'),(161,'안녕하세요.테스트 글 제목입니다.','테스트 글 내용입니다.','tiger',0,'2025-08-21 16:38:28'),(162,'안녕하세요.테스트 글 제목입니다.','테스트 글 내용입니다.','tiger',0,'2025-08-21 16:38:28'),(163,'안녕하세요.테스트 글 제목입니다.','테스트 글 내용입니다.','tiger',0,'2025-08-21 16:38:28'),(164,'안녕하세요.테스트 글 제목입니다.','테스트 글 내용입니다.','tiger',0,'2025-08-21 16:38:28'),(165,'안녕하세요.테스트 글 제목입니다.','테스트 글 내용입니다.','tiger',0,'2025-08-21 16:38:28'),(166,'안녕하세요.테스트 글 제목입니다.','테스트 글 내용입니다.','tiger',0,'2025-08-21 16:38:28'),(167,'안녕하세요.테스트 글 제목입니다.','테스트 글 내용입니다.','tiger',0,'2025-08-21 16:38:28'),(168,'안녕하세요.테스트 글 제목입니다.','테스트 글 내용입니다.','tiger',0,'2025-08-21 16:38:28'),(169,'안녕하세요.테스트 글 제목입니다.','테스트 글 내용입니다.','tiger',0,'2025-08-21 16:38:28'),(170,'안녕하세요.테스트 글 제목입니다.','테스트 글 내용입니다.','tiger',0,'2025-08-21 16:38:28'),(171,'안녕하세요.테스트 글 제목입니다.','테스트 글 내용입니다.','tiger',0,'2025-08-21 16:38:28'),(172,'안녕하세요.테스트 글 제목입니다.','테스트 글 내용입니다.','tiger',0,'2025-08-21 16:38:28'),(173,'안녕하세요.테스트 글 제목입니다.','테스트 글 내용입니다.','tiger',0,'2025-08-21 16:38:28'),(174,'안녕하세요.테스트 글 제목입니다.','테스트 글 내용입니다.','tiger',0,'2025-08-21 16:38:28'),(175,'안녕하세요.테스트 글 제목입니다.','테스트 글 내용입니다.','tiger',0,'2025-08-21 16:38:28'),(176,'안녕하세요.테스트 글 제목입니다.','테스트 글 내용입니다.','tiger',0,'2025-08-21 16:38:28'),(177,'안녕하세요.테스트 글 제목입니다.','테스트 글 내용입니다.','tiger',0,'2025-08-21 16:38:28'),(178,'안녕하세요.테스트 글 제목입니다.','테스트 글 내용입니다.','tiger',0,'2025-08-21 16:38:28'),(179,'안녕하세요.테스트 글 제목입니다.','테스트 글 내용입니다.','tiger',0,'2025-08-21 16:38:28'),(180,'안녕하세요.테스트 글 제목입니다.','테스트 글 내용입니다.','tiger',0,'2025-08-21 16:38:28'),(181,'안녕하세요.테스트 글 제목입니다.','테스트 글 내용입니다.','tiger',0,'2025-08-21 16:38:28'),(182,'안녕하세요.테스트 글 제목입니다.','테스트 글 내용입니다.','tiger',0,'2025-08-21 16:38:28'),(183,'안녕하세요.테스트 글 제목입니다.','테스트 글 내용입니다.','tiger',0,'2025-08-21 16:38:28'),(184,'안녕하세요.테스트 글 제목입니다.','테스트 글 내용입니다.','tiger',0,'2025-08-21 16:38:28'),(185,'안녕하세요.테스트 글 제목입니다.','테스트 글 내용입니다.','tiger',0,'2025-08-21 16:38:28'),(186,'안녕하세요.테스트 글 제목입니다.','테스트 글 내용입니다.','tiger',0,'2025-08-21 16:38:28'),(187,'안녕하세요.테스트 글 제목입니다.','테스트 글 내용입니다.','tiger',0,'2025-08-21 16:38:28'),(188,'안녕하세요.테스트 글 제목입니다.','테스트 글 내용입니다.','tiger',0,'2025-08-21 16:38:28'),(189,'안녕하세요.테스트 글 제목입니다.','테스트 글 내용입니다.','tiger',0,'2025-08-21 16:38:28'),(190,'안녕하세요.테스트 글 제목입니다.','테스트 글 내용입니다.','tiger',0,'2025-08-21 16:38:28'),(191,'안녕하세요.테스트 글 제목입니다.','테스트 글 내용입니다.','tiger',0,'2025-08-21 16:38:28'),(192,'안녕하세요.테스트 글 제목입니다.','테스트 글 내용입니다.','tiger',0,'2025-08-21 16:38:28'),(193,'안녕하세요.테스트 글 제목입니다.','테스트 글 내용입니다.','tiger',0,'2025-08-21 16:38:28'),(194,'안녕하세요.테스트 글 제목입니다.','테스트 글 내용입니다.','tiger',0,'2025-08-21 16:38:28'),(195,'안녕하세요.테스트 글 제목입니다.','테스트 글 내용입니다.','tiger',0,'2025-08-21 16:38:28'),(196,'안녕하세요.테스트 글 제목입니다.','테스트 글 내용입니다.','tiger',0,'2025-08-21 16:38:28'),(197,'안녕하세요.테스트 글 제목입니다.','테스트 글 내용입니다.','tiger',0,'2025-08-21 16:38:28'),(198,'안녕하세요.테스트 글 제목입니다.','테스트 글 내용입니다.','tiger',0,'2025-08-21 16:38:28'),(199,'안녕하세요.테스트 글 제목입니다.','테스트 글 내용입니다.','tiger',0,'2025-08-21 16:38:28'),(200,'안녕하세요.테스트 글 제목입니다.','테스트 글 내용입니다.','tiger',0,'2025-08-21 16:38:28'),(201,'안녕하세요.테스트 글 제목입니다.','테스트 글 내용입니다.','tiger',0,'2025-08-21 16:38:28'),(202,'안녕하세요.테스트 글 제목입니다.','테스트 글 내용입니다.','tiger',0,'2025-08-21 16:38:28'),(203,'안녕하세요.테스트 글 제목입니다.','테스트 글 내용입니다.','tiger',0,'2025-08-21 16:38:28'),(204,'안녕하세요.테스트 글 제목입니다.','테스트 글 내용입니다.','tiger',0,'2025-08-21 16:38:28'),(205,'안녕하세요.테스트 글 제목입니다.','테스트 글 내용입니다.','tiger',0,'2025-08-21 16:38:28'),(206,'안녕하세요.테스트 글 제목입니다.','테스트 글 내용입니다.','tiger',0,'2025-08-21 16:38:28'),(207,'안녕하세요.테스트 글 제목입니다.','테스트 글 내용입니다.','tiger',0,'2025-08-21 16:38:28'),(208,'안녕하세요.테스트 글 제목입니다.','테스트 글 내용입니다.','tiger',0,'2025-08-21 16:38:28'),(209,'안녕하세요.테스트 글 제목입니다.','테스트 글 내용입니다.','tiger',0,'2025-08-21 16:38:28'),(210,'안녕하세요.테스트 글 제목입니다.','테스트 글 내용입니다.','tiger',0,'2025-08-21 16:38:28'),(211,'안녕하세요.테스트 글 제목입니다.','테스트 글 내용입니다.','tiger',0,'2025-08-21 16:38:28'),(212,'안녕하세요.테스트 글 제목입니다.','테스트 글 내용입니다.','tiger',0,'2025-08-21 16:38:28'),(213,'안녕하세요.테스트 글 제목입니다.','테스트 글 내용입니다.','tiger',0,'2025-08-21 16:38:28'),(214,'안녕하세요.테스트 글 제목입니다.','테스트 글 내용입니다.','tiger',0,'2025-08-21 16:38:28'),(215,'안녕하세요.테스트 글 제목입니다.','테스트 글 내용입니다.','tiger',0,'2025-08-21 16:38:28'),(216,'안녕하세요.테스트 글 제목입니다.','테스트 글 내용입니다.','tiger',0,'2025-08-21 16:38:28'),(217,'안녕하세요.테스트 글 제목입니다.','테스트 글 내용입니다.','tiger',0,'2025-08-21 16:38:28'),(218,'안녕하세요.테스트 글 제목입니다.','테스트 글 내용입니다.','tiger',0,'2025-08-21 16:38:28'),(219,'안녕하세요.테스트 글 제목입니다.','테스트 글 내용입니다.','tiger',0,'2025-08-21 16:38:28'),(220,'안녕하세요.테스트 글 제목입니다.','테스트 글 내용입니다.','tiger',0,'2025-08-21 16:38:28'),(221,'안녕하세요.테스트 글 제목입니다.','테스트 글 내용입니다.','tiger',0,'2025-08-21 16:38:28'),(222,'안녕하세요.테스트 글 제목입니다.','테스트 글 내용입니다.','tiger',0,'2025-08-21 16:38:28'),(223,'안녕하세요.테스트 글 제목입니다.','테스트 글 내용입니다.','tiger',0,'2025-08-21 16:38:28'),(224,'안녕하세요.테스트 글 제목입니다.','테스트 글 내용입니다.','tiger',0,'2025-08-21 16:38:28'),(225,'안녕하세요.테스트 글 제목입니다.','테스트 글 내용입니다.','tiger',0,'2025-08-21 16:38:28'),(226,'안녕하세요.테스트 글 제목입니다.','테스트 글 내용입니다.','tiger',0,'2025-08-21 16:38:28'),(227,'안녕하세요.테스트 글 제목입니다.','테스트 글 내용입니다.','tiger',0,'2025-08-21 16:38:28'),(228,'안녕하세요.테스트 글 제목입니다.','테스트 글 내용입니다.','tiger',0,'2025-08-21 16:38:28'),(229,'안녕하세요.테스트 글 제목입니다.','테스트 글 내용입니다.','tiger',0,'2025-08-21 16:38:28'),(230,'안녕하세요.테스트 글 제목입니다.','테스트 글 내용입니다.','tiger',0,'2025-08-21 16:38:28'),(231,'안녕하세요.테스트 글 제목입니다.','테스트 글 내용입니다.','tiger',0,'2025-08-21 16:38:28'),(232,'안녕하세요.테스트 글 제목입니다.','테스트 글 내용입니다.','tiger',0,'2025-08-21 16:38:28'),(233,'안녕하세요.테스트 글 제목입니다.','테스트 글 내용입니다.','tiger',0,'2025-08-21 16:38:28'),(234,'안녕하세요.테스트 글 제목입니다.','테스트 글 내용입니다.','tiger',0,'2025-08-21 16:38:28'),(235,'안녕하세요.테스트 글 제목입니다.','테스트 글 내용입니다.','tiger',0,'2025-08-21 16:38:28'),(236,'안녕하세요.테스트 글 제목입니다.','테스트 글 내용입니다.','tiger',0,'2025-08-21 16:38:28'),(237,'안녕하세요.테스트 글 제목입니다.','테스트 글 내용입니다.','tiger',0,'2025-08-21 16:38:28'),(238,'안녕하세요.테스트 글 제목입니다.','테스트 글 내용입니다.','tiger',0,'2025-08-21 16:38:28'),(239,'안녕하세요.테스트 글 제목입니다.','테스트 글 내용입니다.','tiger',0,'2025-08-21 16:38:28'),(240,'안녕하세요.테스트 글 제목입니다.','테스트 글 내용입니다.','tiger',0,'2025-08-21 16:38:28'),(241,'안녕하세요.테스트 글 제목입니다.','테스트 글 내용입니다.','tiger',0,'2025-08-21 16:38:28'),(242,'안녕하세요.테스트 글 제목입니다.','테스트 글 내용입니다.','tiger',0,'2025-08-21 16:38:28'),(243,'안녕하세요.테스트 글 제목입니다.','테스트 글 내용입니다.','tiger',0,'2025-08-21 16:38:28'),(244,'안녕하세요.테스트 글 제목입니다.','테스트 글 내용입니다.','tiger',0,'2025-08-21 16:38:28'),(245,'안녕하세요.테스트 글 제목입니다.','테스트 글 내용입니다.','tiger',0,'2025-08-21 16:38:28'),(246,'안녕하세요.테스트 글 제목입니다.','테스트 글 내용입니다.','tiger',0,'2025-08-21 16:38:28'),(247,'안녕하세요.테스트 글 제목입니다.','테스트 글 내용입니다.','tiger',0,'2025-08-21 16:38:28'),(248,'안녕하세요.테스트 글 제목입니다.','테스트 글 내용입니다.','tiger',0,'2025-08-21 16:38:28'),(249,'안녕하세요.테스트 글 제목입니다.','테스트 글 내용입니다.','tiger',0,'2025-08-21 16:38:28'),(250,'안녕하세요.테스트 글 제목입니다.','테스트 글 내용입니다.','tiger',0,'2025-08-21 16:38:28'),(251,'안녕하세요.테스트 글 제목입니다.','테스트 글 내용입니다.','tiger',0,'2025-08-21 16:38:28'),(252,'안녕하세요.테스트 글 제목입니다.','테스트 글 내용입니다.','tiger',0,'2025-08-21 16:38:28'),(253,'안녕하세요.테스트 글 제목입니다.','테스트 글 내용입니다.','tiger',0,'2025-08-21 16:38:28'),(254,'안녕하세요.테스트 글 제목입니다.','테스트 글 내용입니다.','tiger',0,'2025-08-21 16:38:28'),(255,'안녕하세요.테스트 글 제목입니다.','테스트 글 내용입니다.','tiger',0,'2025-08-21 16:38:28'),(256,'안녕하세요.테스트 글 제목입니다.','테스트 글 내용입니다.','tiger',0,'2025-08-21 16:38:28'),(257,'안녕하세요.테스트 글 제목입니다.','테스트 글 내용입니다.','tiger',0,'2025-08-21 16:38:28'),(258,'안녕하세요.테스트 글 제목입니다.','테스트 글 내용입니다.','tiger',0,'2025-08-21 16:38:28'),(259,'안녕하세요.테스트 글 제목입니다.','테스트 글 내용입니다.','tiger',0,'2025-08-21 16:38:28'),(260,'안녕하세요.테스트 글 제목입니다.','테스트 글 내용입니다.','tiger',0,'2025-08-21 16:38:31'),(261,'안녕하세요.테스트 글 제목입니다.','테스트 글 내용입니다.','tiger',0,'2025-08-21 16:38:31'),(262,'안녕하세요.테스트 글 제목입니다.','테스트 글 내용입니다.','tiger',0,'2025-08-21 16:38:31'),(263,'안녕하세요.테스트 글 제목입니다.','테스트 글 내용입니다.','tiger',0,'2025-08-21 16:38:31'),(264,'안녕하세요.테스트 글 제목입니다.','테스트 글 내용입니다.','tiger',0,'2025-08-21 16:38:31'),(265,'안녕하세요.테스트 글 제목입니다.','테스트 글 내용입니다.','tiger',0,'2025-08-21 16:38:31'),(266,'안녕하세요.테스트 글 제목입니다.','테스트 글 내용입니다.','tiger',0,'2025-08-21 16:38:31'),(267,'안녕하세요.테스트 글 제목입니다.','테스트 글 내용입니다.','tiger',0,'2025-08-21 16:38:31'),(268,'안녕하세요.테스트 글 제목입니다.','테스트 글 내용입니다.','tiger',0,'2025-08-21 16:38:31'),(269,'안녕하세요.테스트 글 제목입니다.','테스트 글 내용입니다.','tiger',0,'2025-08-21 16:38:31'),(270,'안녕하세요.테스트 글 제목입니다.','테스트 글 내용입니다.','tiger',0,'2025-08-21 16:38:31'),(271,'안녕하세요.테스트 글 제목입니다.','테스트 글 내용입니다.','tiger',0,'2025-08-21 16:38:31'),(272,'안녕하세요.테스트 글 제목입니다.','테스트 글 내용입니다.','tiger',0,'2025-08-21 16:38:31'),(273,'안녕하세요.테스트 글 제목입니다.','테스트 글 내용입니다.','tiger',0,'2025-08-21 16:38:31'),(274,'안녕하세요.테스트 글 제목입니다.','테스트 글 내용입니다.','tiger',0,'2025-08-21 16:38:31'),(275,'안녕하세요.테스트 글 제목입니다.','테스트 글 내용입니다.','tiger',0,'2025-08-21 16:38:31'),(276,'안녕하세요.테스트 글 제목입니다.','테스트 글 내용입니다.','tiger',0,'2025-08-21 16:38:31'),(277,'안녕하세요.테스트 글 제목입니다.','테스트 글 내용입니다.','tiger',0,'2025-08-21 16:38:31'),(278,'안녕하세요.테스트 글 제목입니다.','테스트 글 내용입니다.','tiger',0,'2025-08-21 16:38:31'),(279,'안녕하세요.테스트 글 제목입니다.','테스트 글 내용입니다.','tiger',0,'2025-08-21 16:38:31'),(280,'안녕하세요.테스트 글 제목입니다.','테스트 글 내용입니다.','tiger',0,'2025-08-21 16:38:31'),(281,'안녕하세요.테스트 글 제목입니다.','테스트 글 내용입니다.','tiger',0,'2025-08-21 16:38:31'),(282,'안녕하세요.테스트 글 제목입니다.','테스트 글 내용입니다.','tiger',0,'2025-08-21 16:38:31'),(283,'안녕하세요.테스트 글 제목입니다.','테스트 글 내용입니다.','tiger',0,'2025-08-21 16:38:31'),(284,'안녕하세요.테스트 글 제목입니다.','테스트 글 내용입니다.','tiger',0,'2025-08-21 16:38:31'),(285,'안녕하세요.테스트 글 제목입니다.','테스트 글 내용입니다.','tiger',0,'2025-08-21 16:38:31'),(286,'안녕하세요.테스트 글 제목입니다.','테스트 글 내용입니다.','tiger',0,'2025-08-21 16:38:31'),(287,'안녕하세요.테스트 글 제목입니다.','테스트 글 내용입니다.','tiger',0,'2025-08-21 16:38:31'),(288,'안녕하세요.테스트 글 제목입니다.','테스트 글 내용입니다.','tiger',0,'2025-08-21 16:38:31'),(289,'안녕하세요.테스트 글 제목입니다.','테스트 글 내용입니다.','tiger',0,'2025-08-21 16:38:31'),(290,'안녕하세요.테스트 글 제목입니다.','테스트 글 내용입니다.','tiger',0,'2025-08-21 16:38:31'),(291,'안녕하세요.테스트 글 제목입니다.','테스트 글 내용입니다.','tiger',0,'2025-08-21 16:38:31'),(292,'안녕하세요.테스트 글 제목입니다.','테스트 글 내용입니다.','tiger',0,'2025-08-21 16:38:31'),(293,'안녕하세요.테스트 글 제목입니다.','테스트 글 내용입니다.','tiger',0,'2025-08-21 16:38:31'),(294,'안녕하세요.테스트 글 제목입니다.','테스트 글 내용입니다.','tiger',0,'2025-08-21 16:38:31'),(295,'안녕하세요.테스트 글 제목입니다.','테스트 글 내용입니다.','tiger',0,'2025-08-21 16:38:31'),(296,'안녕하세요.테스트 글 제목입니다.','테스트 글 내용입니다.','tiger',0,'2025-08-21 16:38:31'),(297,'안녕하세요.테스트 글 제목입니다.','테스트 글 내용입니다.','tiger',0,'2025-08-21 16:38:31'),(298,'안녕하세요.테스트 글 제목입니다.','테스트 글 내용입니다.','tiger',0,'2025-08-21 16:38:31'),(299,'안녕하세요.테스트 글 제목입니다.','테스트 글 내용입니다.','tiger',0,'2025-08-21 16:38:31'),(300,'안녕하세요.테스트 글 제목입니다.','테스트 글 내용입니다.','tiger',0,'2025-08-21 16:38:31'),(301,'안녕하세요.테스트 글 제목입니다.','테스트 글 내용입니다.','tiger',0,'2025-08-21 16:38:31'),(302,'안녕하세요.테스트 글 제목입니다.','테스트 글 내용입니다.','tiger',0,'2025-08-21 16:38:31'),(303,'안녕하세요.테스트 글 제목입니다.','테스트 글 내용입니다.','tiger',0,'2025-08-21 16:38:31'),(304,'안녕하세요.테스트 글 제목입니다.','테스트 글 내용입니다.','tiger',0,'2025-08-21 16:38:31'),(305,'안녕하세요.테스트 글 제목입니다.','테스트 글 내용입니다.','tiger',0,'2025-08-21 16:38:31'),(306,'안녕하세요.테스트 글 제목입니다.','테스트 글 내용입니다.','tiger',0,'2025-08-21 16:38:31'),(307,'안녕하세요.테스트 글 제목입니다.','테스트 글 내용입니다.','tiger',0,'2025-08-21 16:38:31'),(308,'안녕하세요.테스트 글 제목입니다.','테스트 글 내용입니다.','tiger',0,'2025-08-21 16:38:31'),(309,'안녕하세요.테스트 글 제목입니다.','테스트 글 내용입니다.','tiger',0,'2025-08-21 16:38:31'),(310,'안녕하세요.테스트 글 제목입니다.','테스트 글 내용입니다.','tiger',0,'2025-08-21 16:38:31'),(311,'안녕하세요.테스트 글 제목입니다.','테스트 글 내용입니다.','tiger',0,'2025-08-21 16:38:31'),(312,'안녕하세요.테스트 글 제목입니다.','테스트 글 내용입니다.','tiger',0,'2025-08-21 16:38:31'),(313,'안녕하세요.테스트 글 제목입니다.','테스트 글 내용입니다.','tiger',0,'2025-08-21 16:38:31'),(314,'안녕하세요.테스트 글 제목입니다.','테스트 글 내용입니다.','tiger',0,'2025-08-21 16:38:31'),(315,'안녕하세요.테스트 글 제목입니다.','테스트 글 내용입니다.','tiger',0,'2025-08-21 16:38:31'),(316,'안녕하세요.테스트 글 제목입니다.','테스트 글 내용입니다.','tiger',0,'2025-08-21 16:38:31'),(317,'안녕하세요.테스트 글 제목입니다.','테스트 글 내용입니다.','tiger',0,'2025-08-21 16:38:31'),(318,'안녕하세요.테스트 글 제목입니다.','테스트 글 내용입니다.','tiger',0,'2025-08-21 16:38:31'),(319,'안녕하세요.테스트 글 제목입니다.','테스트 글 내용입니다.','tiger',0,'2025-08-21 16:38:31'),(320,'안녕하세요.테스트 글 제목입니다.','테스트 글 내용입니다.','tiger',0,'2025-08-21 16:38:31'),(321,'안녕하세요.테스트 글 제목입니다.','테스트 글 내용입니다.','tiger',0,'2025-08-21 16:38:31'),(322,'안녕하세요.테스트 글 제목입니다.','테스트 글 내용입니다.','tiger',0,'2025-08-21 16:38:31'),(323,'안녕하세요.테스트 글 제목입니다.','테스트 글 내용입니다.','tiger',0,'2025-08-21 16:38:31'),(324,'안녕하세요.테스트 글 제목입니다.','테스트 글 내용입니다.','tiger',0,'2025-08-21 16:38:31'),(325,'안녕하세요.테스트 글 제목입니다.','테스트 글 내용입니다.','tiger',0,'2025-08-21 16:38:31'),(326,'안녕하세요.테스트 글 제목입니다.','테스트 글 내용입니다.','tiger',0,'2025-08-21 16:38:31'),(327,'안녕하세요.테스트 글 제목입니다.','테스트 글 내용입니다.','tiger',0,'2025-08-21 16:38:31'),(328,'안녕하세요.테스트 글 제목입니다.','테스트 글 내용입니다.','tiger',0,'2025-08-21 16:38:31'),(329,'안녕하세요.테스트 글 제목입니다.','테스트 글 내용입니다.','tiger',0,'2025-08-21 16:38:31'),(330,'안녕하세요.테스트 글 제목입니다.','테스트 글 내용입니다.','tiger',0,'2025-08-21 16:38:31'),(331,'안녕하세요.테스트 글 제목입니다.','테스트 글 내용입니다.','tiger',0,'2025-08-21 16:38:31'),(332,'안녕하세요.테스트 글 제목입니다.','테스트 글 내용입니다.','tiger',0,'2025-08-21 16:38:31'),(333,'안녕하세요.테스트 글 제목입니다.','테스트 글 내용입니다.','tiger',0,'2025-08-21 16:38:31'),(334,'안녕하세요.테스트 글 제목입니다.','테스트 글 내용입니다.','tiger',0,'2025-08-21 16:38:31'),(335,'안녕하세요.테스트 글 제목입니다.','테스트 글 내용입니다.','tiger',0,'2025-08-21 16:38:31'),(336,'안녕하세요.테스트 글 제목입니다.','테스트 글 내용입니다.','tiger',0,'2025-08-21 16:38:31'),(337,'안녕하세요.테스트 글 제목입니다.','테스트 글 내용입니다.','tiger',0,'2025-08-21 16:38:31'),(338,'안녕하세요.테스트 글 제목입니다.','테스트 글 내용입니다.','tiger',0,'2025-08-21 16:38:31'),(339,'안녕하세요.테스트 글 제목입니다.','테스트 글 내용입니다.','tiger',0,'2025-08-21 16:38:31'),(340,'안녕하세요.테스트 글 제목입니다.','테스트 글 내용입니다.','tiger',0,'2025-08-21 16:38:31'),(341,'안녕하세요.테스트 글 제목입니다.','테스트 글 내용입니다.','tiger',0,'2025-08-21 16:38:31'),(342,'안녕하세요.테스트 글 제목입니다.','테스트 글 내용입니다.','tiger',0,'2025-08-21 16:38:31'),(343,'안녕하세요.테스트 글 제목입니다.','테스트 글 내용입니다.','tiger',0,'2025-08-21 16:38:31'),(344,'안녕하세요.테스트 글 제목입니다.','테스트 글 내용입니다.','tiger',0,'2025-08-21 16:38:31'),(345,'안녕하세요.테스트 글 제목입니다.','테스트 글 내용입니다.','tiger',0,'2025-08-21 16:38:31'),(346,'안녕하세요.테스트 글 제목입니다.','테스트 글 내용입니다.','tiger',0,'2025-08-21 16:38:31'),(347,'안녕하세요.테스트 글 제목입니다.','테스트 글 내용입니다.','tiger',0,'2025-08-21 16:38:31'),(348,'안녕하세요.테스트 글 제목입니다.','테스트 글 내용입니다.','tiger',0,'2025-08-21 16:38:31'),(349,'안녕하세요.테스트 글 제목입니다.','테스트 글 내용입니다.','tiger',0,'2025-08-21 16:38:31'),(350,'안녕하세요.테스트 글 제목입니다.','테스트 글 내용입니다.','tiger',0,'2025-08-21 16:38:31'),(351,'안녕하세요.테스트 글 제목입니다.','테스트 글 내용입니다.','tiger',0,'2025-08-21 16:38:31'),(352,'안녕하세요.테스트 글 제목입니다.','테스트 글 내용입니다.','tiger',0,'2025-08-21 16:38:31'),(353,'안녕하세요.테스트 글 제목입니다.','테스트 글 내용입니다.','tiger',0,'2025-08-21 16:38:31'),(354,'안녕하세요.테스트 글 제목입니다.','테스트 글 내용입니다.','tiger',0,'2025-08-21 16:38:31'),(355,'안녕하세요.테스트 글 제목입니다.','테스트 글 내용입니다.','tiger',0,'2025-08-21 16:38:31'),(356,'안녕하세요.테스트 글 제목입니다.','테스트 글 내용입니다.','tiger',0,'2025-08-21 16:38:31'),(357,'안녕하세요.테스트 글 제목입니다.','테스트 글 내용입니다.','tiger',0,'2025-08-21 16:38:31'),(358,'안녕하세요.테스트 글 제목입니다.','테스트 글 내용입니다.','tiger',0,'2025-08-21 16:38:31'),(359,'안녕하세요.테스트 글 제목입니다.','테스트 글 내용입니다.','tiger',0,'2025-08-21 16:38:31'),(360,'안녕하세요.테스트 글 제목입니다.','테스트 글 내용입니다.','tiger',0,'2025-08-21 16:38:31'),(361,'안녕하세요.테스트 글 제목입니다.','테스트 글 내용입니다.','tiger',0,'2025-08-21 16:38:31'),(362,'안녕하세요.테스트 글 제목입니다.','테스트 글 내용입니다.','tiger',0,'2025-08-21 16:38:31'),(363,'안녕하세요.테스트 글 제목입니다.','테스트 글 내용입니다.','tiger',0,'2025-08-21 16:38:31'),(364,'안녕하세요.테스트 글 제목입니다.','테스트 글 내용입니다.','tiger',0,'2025-08-21 16:38:31'),(365,'안녕하세요.테스트 글 제목입니다.','테스트 글 내용입니다.','tiger',0,'2025-08-21 16:38:31'),(366,'안녕하세요.테스트 글 제목입니다.','테스트 글 내용입니다.','tiger',0,'2025-08-21 16:38:31'),(367,'안녕하세요.테스트 글 제목입니다.','테스트 글 내용입니다.','tiger',0,'2025-08-21 16:38:31'),(368,'안녕하세요.테스트 글 제목입니다.','테스트 글 내용입니다.','tiger',0,'2025-08-21 16:38:31'),(369,'안녕하세요.테스트 글 제목입니다.','테스트 글 내용입니다.','tiger',0,'2025-08-21 16:38:31'),(370,'안녕하세요.테스트 글 제목입니다.','테스트 글 내용입니다.','tiger',0,'2025-08-21 16:38:31'),(371,'안녕하세요.테스트 글 제목입니다.','테스트 글 내용입니다.','tiger',0,'2025-08-21 16:38:31'),(372,'안녕하세요.테스트 글 제목입니다.','테스트 글 내용입니다.','tiger',0,'2025-08-21 16:38:31'),(373,'안녕하세요.테스트 글 제목입니다.','테스트 글 내용입니다.','tiger',0,'2025-08-21 16:38:31'),(374,'안녕하세요.테스트 글 제목입니다.','테스트 글 내용입니다.','tiger',0,'2025-08-21 16:38:31'),(375,'안녕하세요.테스트 글 제목입니다.','테스트 글 내용입니다.','tiger',0,'2025-08-21 16:38:31'),(376,'안녕하세요.테스트 글 제목입니다.','테스트 글 내용입니다.','tiger',0,'2025-08-21 16:38:31'),(377,'안녕하세요.테스트 글 제목입니다.','테스트 글 내용입니다.','tiger',0,'2025-08-21 16:38:31'),(378,'안녕하세요.테스트 글 제목입니다.','테스트 글 내용입니다.','tiger',0,'2025-08-21 16:38:31'),(379,'안녕하세요.테스트 글 제목입니다.','테스트 글 내용입니다.','tiger',0,'2025-08-21 16:38:31'),(380,'안녕하세요.테스트 글 제목입니다.','테스트 글 내용입니다.','tiger',0,'2025-08-21 16:38:31'),(381,'안녕하세요.테스트 글 제목입니다.','테스트 글 내용입니다.','tiger',0,'2025-08-21 16:38:31'),(382,'안녕하세요.테스트 글 제목입니다.','테스트 글 내용입니다.','tiger',0,'2025-08-21 16:38:31'),(383,'안녕하세요.테스트 글 제목입니다.','테스트 글 내용입니다.','tiger',0,'2025-08-21 16:38:31'),(384,'안녕하세요.테스트 글 제목입니다.','테스트 글 내용입니다.','tiger',0,'2025-08-21 16:38:31'),(385,'안녕하세요.테스트 글 제목입니다.','테스트 글 내용입니다.','tiger',0,'2025-08-21 16:38:31'),(386,'안녕하세요.테스트 글 제목입니다.','테스트 글 내용입니다.','tiger',0,'2025-08-21 16:38:31'),(387,'안녕하세요.테스트 글 제목입니다.','테스트 글 내용입니다.','tiger',0,'2025-08-21 16:38:31'),(388,'안녕하세요.테스트 글 제목입니다.','테스트 글 내용입니다.','tiger',0,'2025-08-21 16:38:31'),(389,'안녕하세요.테스트 글 제목입니다.','테스트 글 내용입니다.','tiger',0,'2025-08-21 16:38:31'),(390,'안녕하세요.테스트 글 제목입니다.','테스트 글 내용입니다.','tiger',0,'2025-08-21 16:38:31'),(391,'안녕하세요.테스트 글 제목입니다.','테스트 글 내용입니다.','tiger',0,'2025-08-21 16:38:31'),(392,'안녕하세요.테스트 글 제목입니다.','테스트 글 내용입니다.','tiger',0,'2025-08-21 16:38:31'),(393,'안녕하세요.테스트 글 제목입니다.','테스트 글 내용입니다.','tiger',0,'2025-08-21 16:38:31'),(394,'안녕하세요.테스트 글 제목입니다.','테스트 글 내용입니다.','tiger',0,'2025-08-21 16:38:31'),(395,'안녕하세요.테스트 글 제목입니다.','테스트 글 내용입니다.','tiger',0,'2025-08-21 16:38:31'),(396,'안녕하세요.테스트 글 제목입니다.','테스트 글 내용입니다.','tiger',0,'2025-08-21 16:38:31'),(397,'안녕하세요.테스트 글 제목입니다.','테스트 글 내용입니다.','tiger',0,'2025-08-21 16:38:31'),(398,'안녕하세요.테스트 글 제목입니다.','테스트 글 내용입니다.','tiger',0,'2025-08-21 16:38:31'),(399,'안녕하세요.테스트 글 제목입니다.','테스트 글 내용입니다.','tiger',0,'2025-08-21 16:38:31'),(400,'안녕하세요.테스트 글 제목입니다.','테스트 글 내용입니다.','tiger',0,'2025-08-21 16:38:31'),(401,'안녕하세요.테스트 글 제목입니다.','테스트 글 내용입니다.','tiger',0,'2025-08-21 16:38:31'),(402,'안녕하세요.테스트 글 제목입니다.','테스트 글 내용입니다.','tiger',0,'2025-08-21 16:38:31'),(403,'안녕하세요.테스트 글 제목입니다.','테스트 글 내용입니다.','tiger',0,'2025-08-21 16:38:31'),(404,'안녕하세요.테스트 글 제목입니다.','테스트 글 내용입니다.','tiger',0,'2025-08-21 16:38:31'),(405,'안녕하세요.테스트 글 제목입니다.','테스트 글 내용입니다.','tiger',0,'2025-08-21 16:38:31'),(406,'안녕하세요.테스트 글 제목입니다.','테스트 글 내용입니다.','tiger',0,'2025-08-21 16:38:31'),(407,'안녕하세요.테스트 글 제목입니다.','테스트 글 내용입니다.','tiger',0,'2025-08-21 16:38:31'),(408,'안녕하세요.테스트 글 제목입니다.','테스트 글 내용입니다.','tiger',0,'2025-08-21 16:38:31'),(409,'안녕하세요.테스트 글 제목입니다.','테스트 글 내용입니다.','tiger',0,'2025-08-21 16:38:31'),(410,'안녕하세요.테스트 글 제목입니다.','테스트 글 내용입니다.','tiger',0,'2025-08-21 16:38:31'),(411,'안녕하세요.테스트 글 제목입니다.','테스트 글 내용입니다.','tiger',0,'2025-08-21 16:38:31'),(412,'안녕하세요.테스트 글 제목입니다.','테스트 글 내용입니다.','tiger',0,'2025-08-21 16:38:31'),(413,'안녕하세요.테스트 글 제목입니다.','테스트 글 내용입니다.','tiger',0,'2025-08-21 16:38:31'),(414,'안녕하세요.테스트 글 제목입니다.','테스트 글 내용입니다.','tiger',0,'2025-08-21 16:38:31'),(415,'안녕하세요.테스트 글 제목입니다.','테스트 글 내용입니다.','tiger',0,'2025-08-21 16:38:31'),(416,'안녕하세요.테스트 글 제목입니다.','테스트 글 내용입니다.','tiger',0,'2025-08-21 16:38:31'),(417,'안녕하세요.테스트 글 제목입니다.','테스트 글 내용입니다.','tiger',0,'2025-08-21 16:38:31'),(418,'안녕하세요.테스트 글 제목입니다.','테스트 글 내용입니다.','tiger',0,'2025-08-21 16:38:31'),(419,'안녕하세요.테스트 글 제목입니다.','테스트 글 내용입니다.','tiger',0,'2025-08-21 16:38:32'),(420,'안녕하세요.테스트 글 제목입니다.','테스트 글 내용입니다.','tiger',0,'2025-08-21 16:38:32'),(421,'안녕하세요.테스트 글 제목입니다.','테스트 글 내용입니다.','tiger',0,'2025-08-21 16:38:32'),(422,'안녕하세요.테스트 글 제목입니다.','테스트 글 내용입니다.','tiger',0,'2025-08-21 16:38:32'),(423,'안녕하세요.테스트 글 제목입니다.','테스트 글 내용입니다.','tiger',0,'2025-08-21 16:38:32'),(424,'안녕하세요.테스트 글 제목입니다.','테스트 글 내용입니다.','tiger',0,'2025-08-21 16:38:32'),(425,'안녕하세요.테스트 글 제목입니다.','테스트 글 내용입니다.','tiger',0,'2025-08-21 16:38:32'),(426,'안녕하세요.테스트 글 제목입니다.','테스트 글 내용입니다.','tiger',0,'2025-08-21 16:38:32'),(427,'안녕하세요.테스트 글 제목입니다.','테스트 글 내용입니다.','tiger',0,'2025-08-21 16:38:32'),(428,'안녕하세요.테스트 글 제목입니다.','테스트 글 내용입니다.','tiger',0,'2025-08-21 16:38:32'),(429,'안녕하세요.테스트 글 제목입니다.','테스트 글 내용입니다.','tiger',0,'2025-08-21 16:38:32'),(430,'안녕하세요.테스트 글 제목입니다.','테스트 글 내용입니다.','tiger',0,'2025-08-21 16:38:32'),(431,'안녕하세요.테스트 글 제목입니다.','테스트 글 내용입니다.','tiger',0,'2025-08-21 16:38:32'),(432,'안녕하세요.테스트 글 제목입니다.','테스트 글 내용입니다.','tiger',0,'2025-08-21 16:38:32'),(433,'안녕하세요.테스트 글 제목입니다.','테스트 글 내용입니다.','tiger',0,'2025-08-21 16:38:32'),(434,'안녕하세요.테스트 글 제목입니다.','테스트 글 내용입니다.','tiger',0,'2025-08-21 16:38:32'),(435,'안녕하세요.테스트 글 제목입니다.','테스트 글 내용입니다.','tiger',0,'2025-08-21 16:38:32'),(436,'안녕하세요.테스트 글 제목입니다.','테스트 글 내용입니다.','tiger',0,'2025-08-21 16:38:32'),(437,'안녕하세요.테스트 글 제목입니다.','테스트 글 내용입니다.','tiger',0,'2025-08-21 16:38:32'),(438,'안녕하세요.테스트 글 제목입니다.','테스트 글 내용입니다.','tiger',0,'2025-08-21 16:38:32'),(439,'안녕하세요.테스트 글 제목입니다.','테스트 글 내용입니다.','tiger',0,'2025-08-21 16:38:32'),(440,'안녕하세요.테스트 글 제목입니다.','테스트 글 내용입니다.','tiger',0,'2025-08-21 16:38:32'),(441,'안녕하세요.테스트 글 제목입니다.','테스트 글 내용입니다.','tiger',0,'2025-08-21 16:38:32'),(442,'안녕하세요.테스트 글 제목입니다.','테스트 글 내용입니다.','tiger',0,'2025-08-21 16:38:32'),(443,'안녕하세요.테스트 글 제목입니다.','테스트 글 내용입니다.','tiger',0,'2025-08-21 16:38:32'),(444,'안녕하세요.테스트 글 제목입니다.','테스트 글 내용입니다.','tiger',0,'2025-08-21 16:38:32'),(445,'안녕하세요.테스트 글 제목입니다.','테스트 글 내용입니다.','tiger',0,'2025-08-21 16:38:32'),(446,'안녕하세요.테스트 글 제목입니다.','테스트 글 내용입니다.','tiger',0,'2025-08-21 16:38:32'),(447,'안녕하세요.테스트 글 제목입니다.','테스트 글 내용입니다.','tiger',0,'2025-08-21 16:38:32'),(448,'안녕하세요.테스트 글 제목입니다.','테스트 글 내용입니다.','tiger',0,'2025-08-21 16:38:32'),(449,'안녕하세요.테스트 글 제목입니다.','테스트 글 내용입니다.','tiger',0,'2025-08-21 16:38:32'),(450,'안녕하세요.테스트 글 제목입니다.','테스트 글 내용입니다.','tiger',0,'2025-08-21 16:38:32'),(451,'안녕하세요.테스트 글 제목입니다.','테스트 글 내용입니다.','tiger',0,'2025-08-21 16:38:32'),(452,'안녕하세요.테스트 글 제목입니다.','테스트 글 내용입니다.','tiger',0,'2025-08-21 16:38:32'),(453,'안녕하세요.테스트 글 제목입니다.','테스트 글 내용입니다.','tiger',0,'2025-08-21 16:38:32'),(454,'안녕하세요.테스트 글 제목입니다.','테스트 글 내용입니다.','tiger',1,'2025-08-21 16:38:32'),(455,'안녕하세요.테스트 글 제목입니다.','테스트 글 내용입니다.','tiger',0,'2025-08-21 16:38:32'),(456,'안녕하세요.테스트 글 제목입니다.','테스트 글 내용입니다.','tiger',0,'2025-08-21 16:38:32'),(457,'안녕하세요.테스트 글 제목입니다.','테스트 글 내용입니다.','tiger',0,'2025-08-21 16:38:32'),(458,'안녕하세요.테스트 글 제목입니다.','테스트 글 내용입니다.','tiger',1,'2025-08-21 16:38:32'),(459,'안녕하세요.테스트 글 제목입니다.','테스트 글 내용입니다.','tiger',12,'2025-08-21 16:38:32'),(473,'11','11','dog',3,'2025-08-22 17:38:10'),(474,'1','1','dog',11,'2025-08-22 17:43:22'),(475,'1','2','dog',10,'2025-08-22 18:08:09'),(476,'222','44','dog',68,'2025-08-22 18:15:05');
/*!40000 ALTER TABLE `board` ENABLE KEYS */;
UNLOCK TABLES;

--
-- Table structure for table `comment`
--

DROP TABLE IF EXISTS `comment`;
/*!40101 SET @saved_cs_client     = @@character_set_client */;
/*!50503 SET character_set_client = utf8mb4 */;
CREATE TABLE `comment` (
  `cnum` int NOT NULL AUTO_INCREMENT,
  `bnum` int DEFAULT NULL,
  `memberid` varchar(45) DEFAULT NULL,
  `comment` varchar(45) DEFAULT NULL,
  `cdate` datetime DEFAULT CURRENT_TIMESTAMP,
  PRIMARY KEY (`cnum`)
) ENGINE=InnoDB AUTO_INCREMENT=14 DEFAULT CHARSET=utf8mb4 COLLATE=utf8mb4_0900_ai_ci;
/*!40101 SET character_set_client = @saved_cs_client */;

--
-- Dumping data for table `comment`
--

LOCK TABLES `comment` WRITE;
/*!40000 ALTER TABLE `comment` DISABLE KEYS */;
INSERT INTO `comment` VALUES (13,476,'dog','1등이야','2025-08-25 15:57:08');
/*!40000 ALTER TABLE `comment` ENABLE KEYS */;
UNLOCK TABLES;

--
-- Table structure for table `members`
--

DROP TABLE IF EXISTS `members`;
/*!40101 SET @saved_cs_client     = @@character_set_client */;
/*!50503 SET character_set_client = utf8mb4 */;
CREATE TABLE `members` (
  `memberid` varchar(20) NOT NULL,
  `memberpw` varchar(20) DEFAULT NULL,
  `membername` varchar(10) DEFAULT NULL,
  `memberemail` varchar(45) DEFAULT NULL,
  `memberdate` datetime DEFAULT CURRENT_TIMESTAMP,
  PRIMARY KEY (`memberid`)
) ENGINE=InnoDB DEFAULT CHARSET=utf8mb4 COLLATE=utf8mb4_0900_ai_ci;
/*!40101 SET character_set_client = @saved_cs_client */;

--
-- Dumping data for table `members`
--

LOCK TABLES `members` WRITE;
/*!40000 ALTER TABLE `members` DISABLE KEYS */;
INSERT INTO `members` VALUES ('11','11','11','11@naver.com','2025-08-25 10:34:02'),('12','12','12','12@naver.com','2025-08-25 10:50:32'),('cat','12345','고양이','cat@naver.com','2025-08-14 12:49:44'),('dog','12345','강아지','cat@naver.com','2025-08-14 12:49:44'),('lion','12345','이순신','lion88@abc.com','2025-08-14 12:40:13'),('monkey','12345','원숭이','monkey@naver.com','2025-08-25 10:52:17'),('sheep','12345','양','sheep@naver.com','2025-08-20 14:11:27'),('tiger','12345','가나다','lee@naver.com','2025-08-14 12:49:44');
/*!40000 ALTER TABLE `members` ENABLE KEYS */;
UNLOCK TABLES;

--
-- Table structure for table `membertbl`
--

DROP TABLE IF EXISTS `membertbl`;
/*!40101 SET @saved_cs_client     = @@character_set_client */;
/*!50503 SET character_set_client = utf8mb4 */;
CREATE TABLE `membertbl` (
  `memberid` varchar(15) NOT NULL,
  `memberpw` varchar(45) DEFAULT NULL,
  `membername` varchar(45) DEFAULT NULL,
  `memberage` int DEFAULT NULL,
  `memberemail` varchar(45) DEFAULT NULL,
  `memberdate` datetime DEFAULT CURRENT_TIMESTAMP,
  PRIMARY KEY (`memberid`)
) ENGINE=InnoDB DEFAULT CHARSET=utf8mb4 COLLATE=utf8mb4_0900_ai_ci;
/*!40101 SET character_set_client = @saved_cs_client */;

--
-- Dumping data for table `membertbl`
--

LOCK TABLES `membertbl` WRITE;
/*!40000 ALTER TABLE `membertbl` DISABLE KEYS */;
INSERT INTO `membertbl` VALUES ('cat','12345','고양이',12,'asdf@naver.com','2025-08-18 17:37:31'),('dog','12345','강아지',22,'asdf@naver.com','2025-08-18 17:37:39'),('lion','12345','사자',12,'asdf@naver.com','2025-08-18 17:37:18'),('monkey','12345','원숭이',12,'asb@naver.com','2025-08-25 09:12:54');
/*!40000 ALTER TABLE `membertbl` ENABLE KEYS */;
UNLOCK TABLES;

--
-- Table structure for table `reservation`
--

DROP TABLE IF EXISTS `reservation`;
/*!40101 SET @saved_cs_client     = @@character_set_client */;
/*!50503 SET character_set_client = utf8mb4 */;
CREATE TABLE `reservation` (
  `reservationid` int NOT NULL AUTO_INCREMENT,
  `memberid` varchar(45) DEFAULT NULL,
  `concertid` varchar(45) DEFAULT NULL,
  `ticketcount` int DEFAULT NULL,
  `reservedate` date DEFAULT NULL,
  `nowdate` datetime DEFAULT CURRENT_TIMESTAMP,
  PRIMARY KEY (`reservationid`)
) ENGINE=InnoDB AUTO_INCREMENT=9 DEFAULT CHARSET=utf8mb4 COLLATE=utf8mb4_0900_ai_ci;
/*!40101 SET character_set_client = @saved_cs_client */;

--
-- Dumping data for table `reservation`
--

LOCK TABLES `reservation` WRITE;
/*!40000 ALTER TABLE `reservation` DISABLE KEYS */;
INSERT INTO `reservation` VALUES (1,'dog','1',1,'2025-08-27','2025-08-25 17:12:19'),(2,'dog','1',1,'2025-08-27','2025-08-25 17:12:49'),(3,'dog','1',1,'2025-08-27','2025-08-25 17:15:37'),(4,'dog','1',1,'2025-08-26','2025-08-25 17:20:09'),(5,'dog','1',9,'2025-08-30','2025-08-25 17:20:52'),(6,'dog','2',1,'2025-08-30','2025-08-25 17:26:19'),(7,'dog','2',1,'2025-08-28','2025-08-25 17:27:54'),(8,'dog','2',1,'2025-08-28','2025-08-25 17:28:54');
/*!40000 ALTER TABLE `reservation` ENABLE KEYS */;
UNLOCK TABLES;
/*!40103 SET TIME_ZONE=@OLD_TIME_ZONE */;

/*!40101 SET SQL_MODE=@OLD_SQL_MODE */;
/*!40014 SET FOREIGN_KEY_CHECKS=@OLD_FOREIGN_KEY_CHECKS */;
/*!40014 SET UNIQUE_CHECKS=@OLD_UNIQUE_CHECKS */;
/*!40101 SET CHARACTER_SET_CLIENT=@OLD_CHARACTER_SET_CLIENT */;
/*!40101 SET CHARACTER_SET_RESULTS=@OLD_CHARACTER_SET_RESULTS */;
/*!40101 SET COLLATION_CONNECTION=@OLD_COLLATION_CONNECTION */;
/*!40111 SET SQL_NOTES=@OLD_SQL_NOTES */;

-- Dump completed on 2025-08-25 17:53:55
